country,name_length,first_letter
continent country capital population_M,38,C
Europe France Paris 68M,23,E
Europe Germany Berlin 83M,25,E
Europe Italy Rome 59M,21,E
Europe Spain Madrid 48M,23,E
Europe Poland Warsaw 38M,24,E
Europe Sweden Stockholm 10M,27,E
Asia China Beijing 1410M,24,A
Asia India New_Delhi 1420M,26,A
Asia Japan Tokyo 124M,21,A
Asia South_Korea Seoul 52M,26,A
Asia Indonesia Jakarta 278M,27,A
Asia Saudi_Arabia Riyadh 36M,28,A
Africa Nigeria Abuja 224M,25,A
Africa Egypt Cairo 113M,23,A
Africa South_Africa Pretoria 61M,32,A
Africa Kenya Nairobi 54M,24,A
America United_States Washington_DC 333M,40,A
America Canada Ottawa 41M,25,A
America Brazil Brasilia 203M,28,A
America Mexico Mexico_City 129M,31,A
